Value;Voltage
8441717;0.21664595951389784
8441816;0.2170497996568441
8441831;0.2171109875572905
8441860;0.2172292841648202
8441881;0.21731494722544517
8441885;0.21733126399889754
8441925;0.21749443173342128
8441970;0.2176779954347605
8441971;0.21768207462812358
8441987;0.21774734172193308
8441982;0.2177269457551176
8441971;0.21768207462812358
8441933;0.21752706528032603
8441973;0.21769023301484977
8442000;0.2178003712356533
8441951;0.21760049076086171
8441968;0.2176698370480343
8442022;0.21789011348964135
8442016;0.2178656383294628
8441962;0.21764536188785574
8441975;0.21769839140157596
8442019;0.21787787590955207
8442007;0.21782892558919495
8442004;0.21781668800910567
8441963;0.21764944108121884
8441978;0.21771062898166524
8441961;0.21764128269449265
8441970;0.2176779954347605
8441954;0.217612728340951
8441927;0.21750259012014747
8441918;0.21746587737987963
8441907;0.2174210062528856
8441968;0.2176698370480343
8441973;0.21769023301484977
8441942;0.21756377802059387
8441927;0.21750259012014747
8441925;0.21749443173342128
8441894;0.21736797673916539
8441865;0.21724968013163568
8441879;0.21730678883871898
8441896;0.21737613512589157
8441905;0.21741284786615941
8441872;0.21727823448517733
8441887;0.21733942238562373
8441901;0.21739653109270704
8441902;0.21740061028607013
8441862;0.2172374425515464
8441879;0.21730678883871898
8441931;0.21751890689359984
8441934;0.21753114447368913
8441963;0.21764944108121884
8441931;0.21751890689359984
8441896;0.21737613512589157
8441885;0.21733126399889754
8441915;0.21745363979979035
8441904;0.21740876867279632
8441900;0.21739245189934395
8441920;0.21747403576660582
8441932;0.21752298608696294
8441893;0.2173638975458023
8441884;0.21732718480553445
8441912;0.21744140221970107
8441926;0.21749851092678438
8441902;0.21740061028607013
8441933;0.21752706528032603
8441945;0.21757601560068315
8441876;0.2172945512586297
8441944;0.21757193640732006
8441985;0.2177391833352069
8441945;0.21757601560068315
8441888;0.21734350157898683
8441934;0.21753114447368913
8441935;0.21753522366705222
8441853;0.21720072981127855
8441878;0.2173027096453559
8441927;0.21750259012014747
8441911;0.21743732302633798
8441834;0.21712322513737978
8441909;0.2174291646396118
8441894;0.21736797673916539
8441871;0.21727415529181424
8441883;0.21732310561217136
8441902;0.21740061028607013
8441914;0.21744956060642726
8441861;0.2172333633581833
8441878;0.2173027096453559
8441882;0.21731902641880826
8441852;0.21719665061791546
8441833;0.21711914594401668
8441838;0.21713954191083215
8441877;0.2172986304519928
8441838;0.21713954191083215
8441816;0.2170497996568441
8441860;0.2172292841648202
8441817;0.2170538788502072
8441807;0.21701308691657625
8441859;0.21722520497145711
8441847;0.2171762546511
8441846;0.2171721754577369
8441833;0.21711914594401668
8441839;0.21714362110419524
8441849;0.21718441303782618
8441797;0.21697229498294532
8441842;0.21715585868428453
8441818;0.21705795804357028
8441751;0.21678465208824302
8441763;0.21683360240860014
8441798;0.2169763741763084
8441817;0.2170538788502072
8441803;0.21699677014312388
8441812;0.21703348288339172
8441795;0.21696413659621913
8441787;0.21693150304931438
8441785;0.2169233446625882
8441820;0.21706611643029647
8441810;0.21702532449666553
8441794;0.21696005740285604
8441833;0.21711914594401668
8441864;0.21724560093827258
8441813;0.21703756207675481
8441795;0.21696413659621913
8441800;0.2169845325630346
8441796;0.21696821578958222
8441813;0.21703756207675481
8441816;0.2170497996568441
8441812;0.21703348288339172
8441795;0.21696413659621913
8441784;0.2169192654692251
8441786;0.2169274238559513
8441786;0.2169274238559513
8441806;0.21700900772321316
8441802;0.21699269094976079
8441797;0.21697229498294532
8441827;0.21709467078383812
8441817;0.2170538788502072
8441774;0.21687847353559417
8441765;0.21684176079532633
8441752;0.2167887312816061
8441774;0.21687847353559417
8441808;0.21701716610993935
8441827;0.21709467078383812
8441792;0.21695189901612985
8441763;0.21683360240860014
8441757;0.21680912724842158
8441779;0.21689886950240964
8441803;0.21699677014312388
8441755;0.2168009688616954
8441801;0.2169886117563977
8441812;0.21703348288339172
8441783;0.216915186275862
8441805;0.21700492852985007
8441827;0.21709467078383812
8441784;0.2169192654692251
8441794;0.21696005740285604
8441764;0.21683768160196323
8441742;0.21674793934797518
8441749;0.21677649370151683
8441771;0.2168662359555049
8441779;0.21689886950240964
8441776;0.21688663192232036
8441766;0.21684583998868942
8441775;0.21688255272895726
8441796;0.21696821578958222
8441797;0.21697229498294532
8441817;0.2170538788502072
8441786;0.2169274238559513
8441783;0.216915186275862
8441821;0.21707019562365956
8441769;0.2168580775687787
8441769;0.2168580775687787
8441786;0.2169274238559513
8441746;0.21676425612142755
8441722;0.2166663554807133
8441777;0.21689071111568345
8441804;0.21700084933648697
8441770;0.2168621567621418
8441717;0.21664595951389784
8441748;0.21677241450815374
8441767;0.21684991918205251
8441776;0.21688663192232036
8441761;0.21682544402187395
8441800;0.2169845325630346
8441781;0.21690702788913582
8441733;0.21671122660770734
8441835;0.21712730433074287
8441800;0.2169845325630346
8441735;0.21671938499443352
8441728;0.21669083064089187
8441774;0.21687847353559417
8441766;0.21684583998868942
8441795;0.21696413659621913
8441804;0.21700084933648697
8441755;0.2168009688616954
8441722;0.2166663554807133
8441764;0.21683768160196323
8441777;0.21689071111568345
8441764;0.21683768160196323
8441729;0.21669490983425496
8441751;0.21678465208824302
8441753;0.2167928104749692
8441739;0.2167357017678859
8441765;0.21684176079532633
8441772;0.21687031514886798
8441736;0.21672346418779662
8441698;0.21656845483999906
8441732;0.21670714741434424
8441779;0.21689886950240964
8441776;0.21688663192232036
8441783;0.216915186275862
8441823;0.21707835401038575
8441801;0.2169886117563977
8441760;0.21682136482851086
8441771;0.2168662359555049
8441778;0.21689479030904654
8441769;0.2168580775687787
8441795;0.21696413659621913
8441790;0.21694374062940366
8441740;0.216739780961249
8441732;0.21670714741434424
8441753;0.2167928104749692
8441747;0.21676833531479064
8441750;0.21678057289487992
8441758;0.21681320644178467
8441748;0.21677241450815374
8441735;0.21671938499443352
8441726;0.21668267225416568
8441725;0.2166785930608026
8441733;0.21671122660770734
8441730;0.21669898902761806
8441754;0.2167968896683323
8441752;0.2167887312816061
8441732;0.21670714741434424
8441732;0.21670714741434424
8441781;0.21690702788913582
8441743;0.21675201854133827
8441726;0.21668267225416568
8441781;0.21690702788913582
8441747;0.21676833531479064
8441699;0.21657253403336216
8441727;0.21668675144752877
8441777;0.21689071111568345
8441733;0.21671122660770734
8441692;0.2165439796798205
8441773;0.21687439434223107
8441788;0.21693558224267748
8441726;0.21668267225416568
8441727;0.21668675144752877
8441729;0.21669490983425496
8441741;0.21674386015461208
8441744;0.21675609773470136
8441746;0.21676425612142755
8441716;0.21664188032053475
8441730;0.21669898902761806
8441772;0.21687031514886798
8441799;0.2169804533696715
8441717;0.21664595951389784
8441693;0.2165480588731836
8441734;0.21671530580107043
8441719;0.21665411790062403
8441692;0.2165439796798205
8441734;0.21671530580107043
8441748;0.21677241450815374
8441674;0.21647055419928482
8441698;0.21656845483999906
8441731;0.21670306822098115
8441680;0.21649502935946338
8441694;0.2165521380665467
8441752;0.2167887312816061
8441732;0.21670714741434424
8441693;0.2165480588731836
8441704;0.21659293000017762
8441728;0.21669083064089187
8441718;0.21665003870726093
8441727;0.21668675144752877
8441714;0.21663372193380856
8441710;0.21661740516035619
8441710;0.21661740516035619
8441707;0.2166051675802669
8441760;0.21682136482851086
8441735;0.21671938499443352
8441698;0.21656845483999906
8441725;0.2166785930608026
8441694;0.2165521380665467
8441675;0.2164746333926479
8441696;0.21656029645327288
8441727;0.21668675144752877
8441733;0.21671122660770734
8441677;0.2164827917793741
8441687;0.21652358371300504
8441701;0.21658069242008834
8441722;0.2166663554807133
8441728;0.21669083064089187
8441814;0.2170416412701179
8441946;0.21758009479404625
8441982;0.2177269457551176
8442045;0.2179839349369925
8442114;0.21826539927904598
8442216;0.21868147700208151
8442371;0.219313751973361
8442461;0.21968087937603942
8442546;0.22002761081190236
8442628;0.22036210466767608
8442693;0.22062725223627713
8442754;0.22087608303142583
8442811;0.22110859705312216
8442898;0.2214634868757113
8442926;0.2215777042898779
8442984;0.22181429750493736
8443118;0.22236090941559186
8443183;0.22262605698419297
8443220;0.22277698713862742
8443329;0.22322161921520461
8443424;0.2236091425846985
8443385;0.22345005404353785
8443410;0.22355203387761519
8443495;0.22389876531347813
8443585;0.22426589271615655
8444091;0.22632996455788187
8457233;0.27993872373565715
8525652;0.559033054445154
8570257;0.7409854744059413
8573026;0.7522807608283473
8573019;0.7522522064748056
8572956;0.7519952172929307
8572999;0.7521706226075437
8572987;0.7521216722871866
8572984;0.7521094347070975
8572928;0.7518809998787641
8572910;0.7518075743982284
8573180;0.7529089566062637
8574194;0.7570452586764406
8575046;0.7605207314217963
8575577;0.7626867830975989
8575627;0.7628907427657535
8575773;0.7634863049967652
8590379;0.8230670032581096
8647467;1.0559399939703933
8656017;1.090817097224843
8630289;0.9858676103791726
8617316;0.9329482348797601
8614084;0.9197642819302417
8613444;0.9171535981778619
8613271;0.9164478977260467
8614648;0.9220649469870266
8616756;0.9306638865964276
8619748;0.9428688331388037
8625318;0.9655899401712347
8632332;0.9942014024199727
8638713;1.0202307352698725
8643928;1.0415037286584055
8648691;1.06093292664682
8652985;1.0784489829479436
8656585;1.09313407905508
8660197;1.1078681254825742
8663750;1.1223614995016455
8666525;1.1336812610842302
8668929;1.1434876419291067
8671570;1.154260791601037
8673863;1.1636143819826106
8675861;1.1717646103220714
8678743;1.183520845594507
8682124;1.197312598355126
8685555;1.2113083107839
8689623;1.2279024693849645
8694601;1.2482086939464443
8699907;1.2698528939310185
8705702;1.2934918194701455
8712151;1.3197985374687358
8718747;1.3467048968917008
8725248;1.3732237329451717
8731412;1.3983678808352806
8736878;1.4206647517579498
8742397;1.443177819928863
8749044;1.4702922182133458
8756233;1.4996175393006252
8763488;1.529212087149869
8770958;1.5596836615721776
8778931;1.5922070702561224
8787159;1.6257706732476558
8792549;1.6477575254747303
8795577;1.6601093229781774
8797600;1.6683615311517157
8798900;1.6736644825237372
8800119;1.6786370192333482
8801582;1.684604879123554
8802462;1.6881945692830764
8803159;1.6910377670571524
8804508;1.696540598903966
8805888;1.702169885745035
8807129;1.707232164708634
8808844;1.7142279813263395
8810705;1.7218193601750564
8812093;1.7274812805630302
8814264;1.7363372093543064
8817130;1.7480281775329325
8819375;1.7571859666330774
8821078;1.7641328329304258
8822885;1.7715039353375357
8825079;1.780453685576163
8827410;1.789962285305534
8829705;1.7993240340738337
8831488;1.8065972358402294
8832984;1.8126997091114172
8834442;1.818647173034808
8835976;1.8249046556537931
8837683;1.831867838724594
8839302;1.8384720527794423
8840756;1.8444031999293802
8842322;1.850791216735985
8843547;1.8557882286057745
8844148;1.8582398238169937
8844602;1.860091777603838
8846373;1.8673160290498767
8850746;1.885154341626685
8856648;1.9092297408556627
8862317;1.9323546880310403
8866350;1.9488060748643965
8869314;1.9608968039926058
8871495;1.9697935247175125
8872725;1.9748109325541177
8873770;1.9790736896185501
8874885;1.9836219902184
8875757;1.9871790468310173
8876340;1.9895572165617008
8876759;1.991266398580837
8876974;1.992143425153902
8877131;1.992783858511908
8876734;1.9911644187467596
8876911;1.9918864359720272
8877389;1.993836290399586
8877511;1.9943339519898833
8877435;1.9940239332942884
8877334;1.9936119347646157
8877499;1.9942850016695262
8877665;1.9949621477677997
8877982;1.9962552520639003
8878016;1.9963939446382457
8877873;1.995810619987323
8877803;1.9955250764519066
8878015;1.9963898654448824
8878029;1.9964469741519655
8878106;1.9967610720409241
8878063;1.9965856667263109
8878197;1.9971322786369654
8878407;1.9979889092432155
8878520;1.9984498580932446
8878456;1.9981887897180068
8878377;1.9978665334423225
8878409;1.9979970676299417
8878317;1.997621781840537
8877939;1.9960798467492875
8878030;1.9964510533453288
8878607;1.9988047479158342
8878687;1.9991310833848814
8878601;1.9987802727556552
8878517;1.9984376205131558
8878704;1.999200429672054
8878758;1.999420706113661
8878398;1.9979521965029474
8878384;1.9978950877958643
8878498;1.9983601158392568
8878743;1.9993595182132147
8878592;1.9987435600153878
8878680;1.99910252903134
8878904;2.0000162683446727
8878720;1.9992656967658633
8878966;2.0002691783331845
8879048;2.000603672188958
8878851;1.9998000710964285
8878479;1.998282611165358
8878565;1.9986334217945843
8878906;2.000024426731399
8879082;2.0007423647633034
8879276;2.0015337282757435
8879175;2.001121729746071
8879225;2.0013256894142257
8879108;2.000848423790744
8878512;1.99841722454634
8878721;1.9992697759592266
8879186;2.001166600873065
8879158;2.0010523834588985
8879158;2.0010523834588985
8879127;2.0009259284646426
8879253;2.001439906828393
8879415;2.0021007361532135
8879468;2.0023169334014574
8879502;2.0024556259758026
8879437;2.0021904784072015
8879315;2.001692816816904
8878842;1.9997633583561611
8878807;1.9996205865884529
8879272;2.001517411502291
8879426;2.0021456072802075
8879439;2.0021986367939277
8879332;2.0017621631040767
8879229;2.001342006187678
8879231;2.0013501645744043
8879346;2.00181927181116
8879199;2.0012196303867853
8879113;2.0008688197575593
8879329;2.0017499255239875
8879272;2.001517411502291
8879353;2.001847826164702
8879444;2.002219032760743
8879182;2.0011502840996127
8879408;2.002072181799672
8879280;2.001550045049196
8879396;2.0020232314793147
8879428;2.002153765666934
8879362;2.0018845389049695
8878821;1.999677695295536
8878905;2.000020347538036
8879451;2.002247587114285
8879610;2.0028961788590167
8879688;2.003214355941338
8879583;2.002786040638213
8879137;2.0009667203982735
8878969;2.000281415913274
8879205;2.001244105546964
8879342;2.0018029550377077
8879551;2.002655506450594
8879495;2.002427071622261
8879466;2.0023087750147313
8879588;2.0028064366050287
8879506;2.002471942749255
8879206;2.001248184740327
8879106;2.0008402654040176
8879351;2.0018396677779755
8879204;2.0012400263536008
8878907;2.000028505924762
8879195;2.001203313613333
8879618;2.0029288124059215
8879690;2.003222514328064
8879363;2.0018886180983326
8878965;2.0002650991398214
8879273;2.001521490695654
8879362;2.0018845389049695
8879282;2.001558203435922
8879033;2.000542484288512
8879158;2.0010523834588985
8879436;2.0021863992138385
8879458;2.0022761414678265
8879588;2.0028064366050287
8879460;2.0022842998545527
8879247;2.001415431668214
8879468;2.0023169334014574
8879334;2.001770321490803
8879285;2.0015704410160113
8879210;2.0012645015137793
8879291;2.00159491617619
8879431;2.002166003247023
8879519;2.002524972262975
8879546;2.0026351104837787
8879512;2.0024964179094336
8879328;2.001745846330625
8878730;1.9993064886994947
8878877;1.9999061301238692
8879285;2.0015704410160113
8879422;2.002129290506755
8879417;2.0021088945399397
8879278;2.00154188666247
8879295;2.0016112329496423
8879492;2.0024148340421717
8879690;2.003222514328064
8879648;2.0030511882068143
8879621;2.0029410499860107
8879489;2.0024025964620824
8879105;2.0008361862106545
8878873;1.9998898133504168
8879301;2.001635708109821
8879227;2.001333847800952
8879356;2.001860063744791
8879523;2.0025412890364276
8878980;2.000326287040268
8879009;2.0004445836477975
8879365;2.001896776485059
8879084;2.0007505231500295
8878825;1.9996940120689883
8879049;2.0006077513823213
8879517;2.002516813876249
8879640;2.0030185546599095
8879657;2.003087900947082
8879743;2.003438711576308
8879394;2.0020150730925885
8878994;2.000383395747351
8879101;2.000819869437202
8879219;2.001301214254047
8879169;2.0010972545858925
8879346;2.00181927181116
8879500;2.0024474675890764
8879724;2.0033612069024094
8879761;2.003512137056844
8879835;2.0038139973657128
8879682;2.0031898807811594
8879332;2.0017621631040767
8879188;2.0011747592597913
8879609;2.0028920996656536
8879764;2.003524374636933
8879797;2.003658988017915
8879735;2.0034060780294034
8879733;2.003397919642677
8879580;2.002773803058124
8879408;2.002072181799672
8879750;2.00346726592985
8879793;2.003642671244463
8879542;2.0026187937103264
8879386;2.001982439545684
8879075;2.0007138104097617
8879187;2.001170680066428
8879757;2.0034958202833915
8879809;2.0037079383382723
8879980;2.0044054804033613
8879706;2.0032877814218737
8879371;2.0019212516452374
8879855;2.0038955812329746
8879915;2.0041403328347602
8879796;2.003654908824552
8879641;2.0030226338532726
8880040;2.004650232005147
8880119;2.0049724882808313
8880093;2.004866429253391
8880051;2.004695103132141
8880045;2.0046706279719624
8880069;2.0047685286126766
8880018;2.004560489751159
8879757;2.0034958202833915
8879557;2.0026799816107728
8879945;2.004262708635653
8879926;2.0041852039617543
8879599;2.0028513077320227
8880034;2.0046257568449684
8880352;2.005922940334432
8880375;2.0060167617817832
8880422;2.0062084838698486
8880542;2.00669798707342
8880039;2.004646152811784
8880044;2.0046665487785993
8880477;2.0064328395048188
8880599;2.006930501095116
8880614;2.0069916889955626
8880718;2.0074159251053243
8880812;2.007799369281455
8880827;2.0078605571819015
8880849;2.0079502994358895
8880864;2.008011487336336
8880699;2.0073384204314255
8880335;2.0058535940472595
8880375;2.0060167617817832
8880785;2.0076892310606516
8880977;2.0084724361863655
8881061;2.0088150884288654
8881074;2.0088681179425856
8880804;2.0077667357345503
8880849;2.0079502994358895
8881190;2.0093413043727044
8881062;2.0088191676222285
8880783;2.0076810726739254
8881081;2.0088966722961272
8881368;2.010067400791335
8881461;2.0104467657741028
8881487;2.010552824801543
8881405;2.0102183309457695
8881152;2.009186295024907
8881472;2.010491636901097
8881366;2.010059242404609
8881159;2.0092148493784485
8881327;2.0099001538634482
8881461;2.0104467657741028
8881445;2.0103814986802933
8881790;2.0117888203905605
8881880;2.012155947793239
8881680;2.0113401091206202
8881420;2.010279518846216
8881245;2.0095656600076746
8881432;2.010328469166573
8881626;2.011119832679013
8881862;2.0120825223127032
8881872;2.012123314246334
8881855;2.0120539679591616
8881749;2.0116215734626737
8881691;2.0113849802476143
8881849;2.012029492798983
8882012;2.0126944013171673
8882175;2.0133593098353515
8882197;2.01344905208934
8882004;2.0126617677702625
8881834;2.0119683048985366
8882027;2.0127555892176137
8882301;2.0138732881991017
8882337;2.014020139160173
8882213;2.013514319183149
8881947;2.012429253748566
8881801;2.0118336915175545
8881969;2.0125189960025542
8881954;2.012457808102108
8882007;2.012674005350352
8882026;2.0127515100242506
8882389;2.014232257215054
8882400;2.0142771283420475
8882511;2.014729918805351
8882501;2.0146891268717204
8882145;2.0132369340344587
8881784;2.011764345230382
8882108;2.0130860038800242
8882367;2.0141425149610654
8882385;2.0142159404416016
8882088;2.0130044200127624
8881960;2.0124822832622864
8882536;2.0148318986394282
8882731;2.015627341345232
8882684;2.015435619257166
8882223;2.01355511111678
8881784;2.011764345230382
8882053;2.0128616482450545
8882226;2.0135673486968697
8882676;2.0154029857102618
8882808;2.01594143923419
8882759;2.015741558759398
8882535;2.0148278194460656
8882524;2.0147829483190716
8882449;2.0144770088168396
8882682;2.01542746087044
8882865;2.016173953255886
8882853;2.0161250029355293
8882640;2.01525613474919
8882136;2.013200221294191
8882213;2.013514319183149
8882516;2.014750314772167
8882711;2.0155457574779696
8882662;2.0153458770031785
8882435;2.0144199001097562
8882265;2.01372643723803
8882529;2.014803344285887
8882487;2.014632018164637
8882535;2.0148278194460656
8882402;2.014285286728774
8882606;2.0151174421748452
8882838;2.0160638150350825
8882841;2.016076052615172
8882866;2.0161780324492495
8882706;2.0155253615111546
8882727;2.0156110245717795
8882844;2.016088290195261
8882626;2.015199026042107
8882466;2.014546355104012
8882014;2.0127025597038934
8882170;2.013338913868536
8882859;2.0161494780957074
8883178;2.0174507407785347
8883200;2.0175404830325223
8883054;2.016944920801511
8882698;2.0154927279642494
8882368;2.014146594154429
8882535;2.0148278194460656
8882605;2.0151133629814817
8883043;2.016900049674517
8883334;2.018087094943177
8883313;2.018001431882552
8883269;2.0178219473745758
8883498;2.018756082654724
8883598;2.0191640019910335
8883375;2.0182543418710637
8883434;2.018495014279486
8883565;2.0190293886100514
8883334;2.018087094943177
8883039;2.0168837329010647
8883249;2.0177403635073143
8883737;2.019731009868504
8883813;2.0200410285640986
8883656;2.0194005952060934
8883430;2.018478697506034
8883517;2.018833587328623
8883753;2.0197962769623135
8883449;2.018556202179933
8883179;2.017454819971898
8883603;2.0191843979578494
8883671;2.0194617831065393
8883721;2.019665742774694
8883936;2.020542769347759
8883661;2.0194209911729084
8883759;2.0198207521224916
8884043;2.0209792430376106
8883828;2.0201022164645455
8883630;2.0192945361786525
8883868;2.020265384199069
8883912;2.0204448687070453
8884122;2.021301499313295
8884432;2.0225660492558535
8884488;2.0227944840841867
8884486;2.0227863256974605
8884246;2.021807319290318
8884086;2.021154648352223
8884357;2.0222601097536215
8884467;2.0227088210235618
8884657;2.0234838677625495
8884747;2.0238509951652284
8884711;2.0237041442041566
8884795;2.024046796446657
8884963;2.024732100931656
8885064;2.025144099461329
8884904;2.024491428523234
8884847;2.0242589145015377
8884914;2.024532220456865
8884956;2.024703546578115
8884595;2.023230957774038
8884891;2.024438399009514
8885190;2.0256580778250783
8885321;2.0261924521556436
8885197;2.0256866321786204
8884843;2.0242425977280853
8885198;2.025690711371983
8885453;2.0267309056795724
8885423;2.026608529878679
8885463;2.026771697613203
8885535;2.027065399535346
8885500;2.0269226277676373
8885460;2.026759460033114
8885534;2.0270613203419825
8885567;2.0271959337229646
8885248;2.0258946710401378
8885264;2.0259599381339477
8885305;2.026127185061834
8884929;2.0245934083573114
8884831;2.0241936474077282
8884866;2.0243364191754365
8884916;2.024540378843591
8885514;2.026979736474721
8885817;2.028215732063738
8885891;2.0285175923726073
8885782;2.0280729602960297
8885557;2.0271551417893336
8885413;2.026567737945048
8885392;2.0264820748844232
8885962;2.028807215101387
8886246;2.029965706016505
8886302;2.0301941408448387
8886221;2.0298637261824277
8886276;2.0300880818173987
8886361;2.0304348132532613
8886325;2.03028796229219
8886125;2.0294721236195707
8886170;2.0296556873209104
8886215;2.029839251022249
8885788;2.0280974354562082
8885728;2.027852683854423
8886183;2.0297087168346306
8886376;2.030496001153708
8886270;2.0300636066572197
8885957;2.028786819134571
8886035;2.0291049962168928
8886286;2.0301288737510292
8886416;2.0306591688882314
8886483;2.0309324748435587
8886612;2.0314586907873977
8886700;2.03181765980335
8886631;2.0315361954612965
8886502;2.0310099795174574
8886766;2.032086886565314
8886742;2.0319889859246
8886577;2.0313159190196894
8886553;2.0312180183789756
8886694;2.0317931846431714
8886671;2.0316993631958202
8886727;2.0319277980241535
8886753;2.0320338570515943
8886819;2.032303083813558
8887078;2.0333595948945997
8887253;2.034073453733141
8887294;2.0342407006610275
8887015;2.0331026057127244
8886827;2.032335717360463
8886819;2.032303083813558
8887298;2.03425701743448
8887710;2.0359376451000744
8887787;2.0362517429890326
8887724;2.035994753807158
8887750;2.036100812834598
8887778;2.036215030248765
8887892;2.0366800582921574
8887924;2.036810592479777
8887611;2.035533804957128
8887562;2.0353339244823365
8887543;2.0352564198084377
8887342;2.034436501942456
8887601;2.0354930130234976
8887907;2.0367412461926038
8887948;2.0369084931204906
8887787;2.0362517429890326
8887681;2.0358193484925446
8887894;2.0366882166788836
8887761;2.036145683961592
8887726;2.0360029121938843
8887593;2.0354603794765924
8887680;2.0358152692991816
8887914;2.0367698005461454
8888133;2.037663143892663
8888164;2.037789598886919
8888054;2.0373408876169785
8887828;2.03641898991692
8887815;2.036365960403199
8887786;2.0362476637956695
8887605;2.0355093297969495
8887379;2.0345874320968904
8887411;2.0347179662845094
8887884;2.0366474247452526
8888326;2.0384504282117404
8888374;2.038646229493169
8888243;2.038111855162603
8887749;2.0360967336412354
8887322;2.034354918075194
8887719;2.035974357840342
8888283;2.038275022897127
8888421;2.038837951581234
8888231;2.038062904842246
8888132;2.0376590646993
8888038;2.037275620523169
8888220;2.038018033715252
8888361;2.038593199979448
8888455;2.038976644155579
8888493;2.0391316535033766
8888529;2.039278504464448
8888359;2.038585041592722
8887921;2.036798354899687
8888052;2.0373327292302523
8888555;2.0393845634918883
8888575;2.03946614735915
8888405;2.0387726844874243
8888258;2.0381730430630496
8888178;2.0378467075940025
8888222;2.038026192101978
8887898;2.036704533452336
8887847;2.036496494590818
8888269;2.0382179141900436
8888586;2.0395110184861442
8888517;2.039229554144091
8888531;2.039286662851174
8888732;2.040106580717156
8888428;2.038866505934776
8888091;2.037491817771413
8888102;2.037536688898407
8888200;2.03793644984799
8888214;2.0379935585550735
8888042;2.0372919372966214
8888192;2.0379038163010854
8888812;2.0404329161862034
8888844;2.0405634503738224
8888846;2.0405716087605485
8888884;2.040726618108346
8888343;2.0385197744989125
8887981;2.0370431065014727
8888381;2.03867478384671
8888871;2.040673588594626
8889121;2.0416933869353993
8889246;2.042203286105786
8889274;2.042317503519953
8889374;2.0427254228562624
8889405;2.042851877850518
8889328;2.04253777996156
8889258;2.042252236426143
8889008;2.0412324380853697
8888990;2.041159012604834
8888968;2.041069270350846
8888917;2.040861231489328
8889420;2.042913065750964
8889617;2.0437166668434936
8889462;2.043084391872214
8888996;2.0411834877650126
8888913;2.040844914715876
8889516;2.043304668313821
8889248;2.042211444492512
8889197;2.0420034056309944
8889074;2.0415016648473343
8889598;2.043639162169595
8889744;2.0442347244006065
8889609;2.043684033296589
8889600;2.043647320556321
8889643;2.043822725870934
8889362;2.042676472535905
8889491;2.043202688479744
8889589;2.043602449429327
8889151;2.0418157627362925
8889105;2.0416281198415898
8889128;2.0417219412889414
8889770;2.044340783428047
8890205;2.0461152325409926
8890193;2.0460662822206355
8890250;2.046298796242332
8890086;2.0456298085307845
8889671;2.0439369432851007
8889442;2.0430028080049523
8889688;2.0440062895722733
8889986;2.045221889194475
8890135;2.045829689005576
8890185;2.0460336486737307
8890406;2.046935150406975
8890424;2.0470085758875105
8890340;2.04666592364501
8890167;2.045960223193195
8890221;2.046180499634802
8890133;2.04582153061885
8889892;2.0448384450183443
8889713;2.0441082694063506
8890255;2.0463191922091473
8890513;2.0473716240968254
8890494;2.0472941194229266
8890478;2.0472288523291176
8890352;2.0467148739653673
8890383;2.0468413289596237
8890334;2.0466414484848316
8890067;2.0455523038568857
8890391;2.0468739625065284
8890690;2.048093641322093
8890720;2.048216017122986
8890717;2.0482037795428965
8890773;2.04843221437123
8890656;2.047954948747748
8890188;2.04604588625382
8890139;2.0458460057790284
8890294;2.046478280750308
8890363;2.0467597450923614
8890671;2.0480161366481946
8890343;2.0466781612250995
8889963;2.045128067747124
8890343;2.0466781612250995
8890665;2.0479916614880156
8890795;2.048521956625218
8890491;2.0472818818428378
8890169;2.0459683815799212
8890545;2.047502158284445
8890730;2.0482568090566167
8890715;2.0481956211561703
8890780;2.0484607687247713
8890943;2.049125677242956
8891017;2.0494275375518245
8890956;2.0491787067566762
8890957;2.049182785950039
8890998;2.049350032877926
8890763;2.0483914224375988
8890625;2.0478284937534923
8890592;2.0476938803725098
8890215;2.0461560244746235
8890449;2.047110555721588
8891039;2.049517279805813
8891089;2.0497212394739677
8890884;2.048885004834533
8890573;2.0476163756986114
8890593;2.0476979595658733
8890876;2.0488523712876288
8890823;2.048636174039385
8890920;2.049031855795605
8890913;2.0490033014420628
8891054;2.0495784677062594
8890949;2.0491501524031346
8891061;2.0496070220598006
8890940;2.0491134396628663
8890894;2.048925796768164
8890522;2.0474083368370937
8890729;2.048252729863254
8890982;2.0492847657841162
8890929;2.0490685685358727
8890768;2.0484118184044147
8890465;2.047175822815397
8890889;2.048905400801349
8891239;2.0503331184784317
8891284;2.0505166821797705
8891112;2.049815060921319
8890905;2.048970667895158
8890520;2.0474001784503675
8890569;2.0476000589251586
8891055;2.049582546899622
8891290;2.050541157339949
8891462;2.0512427785984015
8891450;2.0511938282780444
8891404;2.051006185383342
8891442;2.0511611947311392
8891354;2.0508022257151874
8891254;2.050394306378878
8891351;2.050789988135098
8891335;2.0507247210412887
8891008;2.049390824811557
8891232;2.0503045641248896
8891532;2.0515283221338176
8891521;2.051483451006824
8891428;2.0511040860240564
8890901;2.048954351121706
8890712;2.0481833835760814
8891298;2.050573790886854
8891397;2.0509776310298005
8890996;2.0493418744912
8890893;2.0489217175748013
8891410;2.0510306605435207
8891597;2.051793469702419
8891661;2.0520545380776567
8891690;2.0521728346851864
8891607;2.0518342616360496
8891251;2.050382068798789
8891236;2.050320880898342
8891440;2.051153036344413
8891523;2.0514916093935502
8891342;2.05075327539483
8891122;2.0498558528549498
8891224;2.0502719305779853
8891573;2.051695569061705
8891863;2.0528785351370016
8891681;2.052136121944919
8891490;2.0513569960125677
8891079;2.0496804475403367
8890934;2.0490889645026877
8891559;2.051638460354621
8891804;2.0526378627285795
8891904;2.053045782064889
8891980;2.0533558007604835
8891856;2.0528499807834604
8891919;2.053106969965335
8891809;2.0526582586953945
8891839;2.052780634496288
8891795;2.0526011499883117
8891909;2.053066178031704
8891687;2.0521605971050976
8891337;2.050732879428015
8891755;2.0524379822537875
8892098;2.053837145577329
8891887;2.0529764357777163
8891844;2.052801030463103
8891828;2.0527357633692938
8892193;2.054224668946823
8892081;2.0537677992901564
8891849;2.0528214264299187
8891608;2.051838340829413
8891807;2.0526501003086683
8892060;2.0536821362295314
8892045;2.053620948329085
8891923;2.0531232867387876
8891770;2.0524991701542343
8891919;2.053106969965335
8891859;2.052862218363549
8891940;2.05319263302596
8891767;2.0524869325741446
8891732;2.0523441608064363
8891753;2.0524298238670617
8892156;2.0540737387923884
8892413;2.055122091486703
8892464;2.055330130348221
8892242;2.054424549421614
8892228;2.054367440714531
8891860;2.0528662975569127
8891943;2.0532048706060495
8892251;2.0544612621618823
8892243;2.0544286286149775
8892139;2.054004392505216
8892009;2.0534740973680132
8892388;2.0550201116526257
8892650;2.0560888603137566
8892640;2.056048068380125
8892694;2.0562683448217323
8892704;2.0563091367553636
8892656;2.056113335473935
8892447;2.0552607840610486
8892197;2.0542409857202752
8892329;2.0547794392442036
8892721;2.0563784830425362
8892808;2.0567333728651254
8892646;2.056072543540304
8892382;2.054995636492447
8892542;2.055648307430542
8892822;2.0567904815722087
8892545;2.055660545010632
8892445;2.0552526256743224
8892490;2.055436189375661
8892810;2.0567415312518516
8892966;2.057377885416494
8892955;2.0573330142894997
8893036;2.0576634289519102
8892862;2.0569536493067324
8892601;2.055888979838965
8892538;2.0556319906570897
8892582;2.055811475165066
8892563;2.055733970491167
8892494;2.0554525061491136
8892511;2.055521852436286
8892706;2.05631729514209
8893117;2.057993843614321
8893246;2.0585200595581603
8893188;2.0582834663431004
8892968;2.0573860438032203
8892640;2.056048068380125
8892823;2.0567945607655718
8893015;2.0575777658912853
8893170;2.058210040862565
8893246;2.0585200595581603
8893243;2.058507821978071
8893241;2.058499663591345
8893333;2.0588749493807494
8893398;2.0591400969493505
8893425;2.059250235170154
8893464;2.0594093237113147
8893387;2.0590952258223565
8893123;2.0580183187745
8892835;2.056843511085929
8893221;2.058418079724083
8893475;2.0594541948383087
8893534;2.059694867246731
8893063;2.0577735671727138
8892786;2.056643630611137
8893411;2.0591931264630703
8893446;2.059335898230779
8893347;2.0589320580878328
8893106;2.057948972487327
8893357;2.0589728500214632
8893551;2.059764213533904
8893630;2.0600864698095878
8893742;2.0605433394662542
8893639;2.060123182549856
8893499;2.059552095479023
8893360;2.058985087601553
8893460;2.0593930069378623
8893621;2.0600497570693204
8893606;2.059988569168874
8893363;2.058997325181642
8893629;2.060082390616225
8893757;2.0606045273667006
8893999;2.0615916921605697
8894026;2.0617018303813732
8893795;2.0607595367144986
8893276;2.058642435359053
8893397;2.0591360177559874
8893530;2.0596785504732784
8893759;2.060612685753427
8894039;2.0617548598950934
8894061;2.061844602149081
8893740;2.060535181079528
8894062;2.0618486813424446
8894176;2.0623137093858372
8894167;2.062276996645569
8894236;2.0625584609876224
8894038;2.06175078070173
8893935;2.0613306237853317
8893881;2.0611103473437247
8894054;2.06181604779554
8894181;2.0623341053526527
8894444;2.063406933207146
8894345;2.0630030930642
8893800;2.060779932681314
8894100;2.062003690690242
8894427;2.0633375869199737
8894345;2.0630030930642
8894152;2.062215808745123
8894338;2.062974538710658
8894730;2.064573582508991
8894770;2.064736750243515
8894603;2.064055524951878
8894582;2.063969861891253
8894696;2.064434889934646
8894132;2.0621342248778607
8894238;2.0625666193743486
8894755;2.0646755623430684
8894815;2.064920313944854
8894685;2.064390018807652
8894328;2.0629337467770275
8894773;2.064748987823604
8895133;2.0662174974343177
8895093;2.066054329699794
8894933;2.065401658761699
8894762;2.06470411669661
8894654;2.064263563813396
8895068;2.0659523498657166
8895201;2.0664948825830085
8895269;2.0667722677316984
8895335;2.0670414944936626
8895295;2.0668783267591393
8895382;2.067233216581728
8895497;2.067702323818484
8895350;2.067102682394109
8895452;2.0675187601171445
8895549;2.067914441873365
8895404;2.067322958835716
8894926;2.065373104408158
8894689;2.064406335581104
8894920;2.0653486292479792
8895311;2.0669435938529483
8895268;2.0667681885383353
8895095;2.0660624880865206
8895259;2.0667314757980675
8895421;2.0673923051228886
8895026;2.065781023744467
8895063;2.065931953898901
8895392;2.067274008515359
8895698;2.0685222416844655
8895568;2.0679919465472634
8895339;2.067057811267115
8895502;2.067722719785299
8895773;2.0688281811866975
8895791;2.068901606667233
8895541;2.06788180832646
8895424;2.0674045427029784
8895121;2.0661685471139606
8894980;2.0655933808497644
8895067;2.0659482706723535
8895705;2.068550796038007
8896023;2.069847979527471
8895957;2.0695787527655067
8895786;2.0688812107004177
8895487;2.067661531884853
8895191;2.066454090649377
8895447;2.0674983641503295
8895856;2.0691667542358343
8896042;2.0699254842013697
8896091;2.0701253646761613
8895898;2.069338080357084
8896093;2.0701335230628874
8896236;2.07071684771381
8896144;2.070341561924405
8896109;2.070198790156697
8896329;2.0710962126965775
8896103;2.0701743149965184
8895642;2.0682938068561323
8895436;2.067453493023335
8895913;2.0693992682575306
8896179;2.0704843336921135
8896190;2.0705292048191075
8896232;2.0707005309403574
8896087;2.070109047902709
8896037;2.069905088234554
8896175;2.070468016918661
8896340;2.0711410838235715
8896176;2.0704720961120247
8896215;2.070631184653185
8896187;2.0705169672390182
8896113;2.0702151069301493
8896252;2.0707821148076193
8896051;2.069962196941638
8896142;2.070333403537679
8896119;2.070239582090328
8896150;2.0703660370845838
8896219;2.0706475014266372
8896452;2.071597953480238
8896127;2.0702722156372326
8896177;2.0704761753053873
8896571;2.072083377490446
8896684;2.0725443263404757
8896751;2.0728176322958034
8896615;2.0722628619984222
8895901;2.069350317937174
8895885;2.069285050843364
8896535;2.0719365265293748
8896706;2.0726340685944638
8896714;2.0726667021413685
8896788;2.0729685624502374
8896788;2.0729685624502374
8896673;2.0724994552134817
8896701;2.0726136726276487
8896719;2.072687098108184
8896644;2.072381158605952
8896588;2.0721527237776187
8896502;2.0718019131483927
8896222;2.070659739006727
8896545;2.071977318463006
8896875;2.0733234522728266
8896935;2.073568203874612
8896938;2.0735804414547014
8896552;2.0720058728165474
8896457;2.0716183494470535
8896639;2.0723607626391365
8896367;2.071251222044375
8896501;2.07179783395503
8896592;2.072169040551071
8896797;2.0730052751905057
8896853;2.0732337100188385
8897023;2.0739271728905644
8897088;2.0741923204591655
8896640;2.0723648418324996
8896559;2.072034427170089
8896523;2.0718875762090176
8896710;2.072650385367916
8896607;2.0722302284515175
8896567;2.0720670607169938
8897009;2.073870064183481
8897068;2.0741107365919036
8897104;2.074257587552975
8897202;2.074657348502558
8897195;2.074628794149017
8896661;2.0724505048931245
8896548;2.071989556043095
8896830;2.0731398885714873
8896894;2.0734009569467253
8897076;2.074143370138809
8897229;2.0747674867233616
8897267;2.074922496071159
8897282;2.0749836839716056
8897362;2.075310019440653
8897347;2.075248831540207
8897369;2.0753385737941947
8897386;2.0754079200813673
8897187;2.0745961606021117
8896630;2.0723240498988686
8896891;2.073388719366636
8897278;2.0749673671981532
8897452;2.0756771468433315
8897581;2.0762033627871705
8896954;2.073645708548511
8897041;2.0740005983711
8897551;2.076080986986278
8897374;2.0753589697610106
8897151;2.074449309641041
8897042;2.074004677564463
8897364;2.0753181778273793
8897615;2.0763420553615157
8897644;2.0764603519690454
8897744;2.076868271305355
8897527;2.0759830863455635
8897665;2.0765460150296704
8897592;2.0762482339141646
8897350;2.075261069120296
8897234;2.074787882690177
8897138;2.07439628012732
8897271;2.0749388128446116
8897566;2.076142174886724
8897832;2.077227240321307
8897857;2.0773292201553843
8897861;2.0773455369288367
8897702;2.076696945184105
8897313;2.0751101389658615
8897290;2.0750163175185103
8897635;2.0764236392287776
8897837;2.0772476362881225
8897804;2.0771130229071404
8897708;2.0767214203442834
8897732;2.0768193209849977
8897949;2.0777045059447894
8897891;2.0774679127297295
8897639;2.07643995600223
8897569;2.0761544124668134
8897660;2.076525619062855
8897437;2.075615958942885
8897248;2.0748449913972604
8897716;2.076754053891188
8898020;2.077994128673569
8898040;2.0780757125408305
8897905;2.077525021436813
8897634;2.0764195600354145
8897864;2.077357774508926
8897733;2.0768234001783608
8897630;2.076403243261962
8897387;2.0754119992747304
8897681;2.07661128212348
8898043;2.0780879501209197
8898125;2.0784224439766934
8898065;2.078177692374908
8897932;2.0776351596576164
8897734;2.076827479371724
8897819;2.077174210807587
8897851;2.0773047449952062
8897875;2.07740264563592
8897971;2.077794248198777
8897756;2.076917221625712
8897608;2.076313501007974
8898037;2.078063474960741
8898387;2.079491192637824
8898232;2.0788589176665444
8898127;2.0784306023634196
8898255;2.0789527391138956
8898078;2.078230721888628
8898185;2.078667195578479
8898110;2.078361256076247
8898240;2.078891551213449
8898415;2.0796054100519905
8898430;2.079666597952437
8898410;2.079585014085175
8898581;2.0802825561502645
8898624;2.0804579614648775
8898539;2.080111230029014
8898387;2.079491192637824
8898075;2.0782184843085387
8897841;2.077263953061575
8898172;2.0786141660647592
8898582;2.080286635343627
8898728;2.0808821975746388
8898669;2.0806415251662167
8898308;2.0791689363621395
8898238;2.078883392826723
8898561;2.080200972283002
8898465;2.079809369720145
8898420;2.0796258060188064
8898522;2.080041883741842
8898627;2.0804701990449668
8898541;2.0801193884157403
8898531;2.0800785964821094
8898669;2.0806415251662167
8898680;2.0806863962932103
8898870;2.0814614430321985
8898579;2.0802743977635383
8898362;2.0793892128037466
8898553;2.0801683387360974
8898529;2.080070438095383
8898585;2.080298872923717
8898880;2.081502234965829
8898918;2.081657244313627
8899006;2.082016213329579
8898697;2.0807557425803833
8898350;2.0793402624833894
8898334;2.07927499538958
8898619;2.080437565498062
8898927;2.081693957053895
8899048;2.082187539450829
8899078;2.0823099152517215
8899015;2.0820529260698466
8899069;2.082273202511454
8899097;2.0823874199256207
8899143;2.082575062820323
8899237;2.082958506996454
8899117;2.0824690037928826
8898954;2.0818040952746983
8898699;2.0807639009671095
8899042;2.0821630642906506
8899232;2.082938111029638
8899312;2.083264446498686
8899286;2.083158387471245
8899146;2.0825873004004123
8899152;2.082611775560591
8899184;2.0827423097482094
8898836;2.081322750457853
8898927;2.081693957053895
8898974;2.08188567914196
8899287;2.0831624666646085
8899334;2.0833541887526734
8899367;2.083488802133656
8899363;2.083472485360203
8899116;2.0824649245995195
8898879;2.0814981557724663
8899093;2.0823711031521683
8899195;2.082787180875204
8899203;2.082819814422108
8899260;2.083052328443805
8899158;2.0826362507207694
8899341;2.0833827431062155
8899685;2.0847859856231197
8899738;2.085002182871363
8899604;2.084455570960709
8899149;2.0825995379805016
8898956;2.0818122536614245
8899133;2.082534270886692
8899740;2.0850103412580894
8899820;2.0853366767271373
8899866;2.0855243196218396
8899847;2.085446814947941
8899716;2.0849124406173756
8899738;2.085002182871363
8899943;2.085838417510798
8900064;2.086331999907732
8900068;2.0863483166811845
8899982;2.085997506051958
8899530;2.0841537106518397
8899472;2.0839171174367808
8900018;2.08614435701303
8900274;2.0871886305139817
8900329;2.087412986148952
8900173;2.0867766319843093
8899854;2.0854753693014825
8900072;2.086364633454637
8899995;2.0860505355656787
8900000;2.086070931532494
8899714;2.0849042822306494
8900039;2.0862300200736548
8900231;2.0870132251993687
8900354;2.087514965983029
8900268;2.087164155353803
8900203;2.0868990077852017
8900329;2.087412986148952
8900451;2.0879106477392493
8900360;2.0875394411432078
8900123;2.0865726723161546
8899990;2.0860301395988627
8900137;2.086629781023238
8900448;2.08789841015916
8900477;2.0880167067666897
8900870;2.0896198297583854
8900988;2.09010117457523
8900655;2.08874280318532
8900295;2.0872742935746067
8900542;2.088281854335291
8900451;2.0879106477392493
8900662;2.088771357538862
8901000;2.0901501248955876
8901054;2.0903704013371947
8900967;2.0900155115146055
8901165;2.0908231918004976
8901196;2.090949646794754
8900969;2.0900236699013317
8901016;2.090215391989397
8901052;2.0903622429504685
8901109;2.0905947569721643
8900946;2.0899298484539806
8901105;2.090578440198712
8901643;2.0927730462280567
8901858;2.093650072801122
8901987;2.094176288744961
8901900;2.0938213989223717
8902061;2.0944781490538293
8902874;2.0977945332580252
8902748;2.097280554894275
8902818;2.097566098429692
8903492;2.1003154747564166
8903849;2.1017717467870414
8904084;2.102730357227368
8904791;2.1056143469350754
8905548;2.1087022963109368
8906637;2.1131445378833456
8908245;2.1197038808112003
8909693;2.1256105528009597
8911136;2.1314968288239036
8913167;2.1397816705443464
8915258;2.148311263866575
8917641;2.1580319816508275
8920832;2.1710486876724584
8924466;2.1858724763539406
8927937;2.2000313565172385
8931466;2.2144268298955954
8935232;2.2297890721010054
8939140;2.2457305597639747
8942396;2.259012413354208
8945232;2.2705810057319407
8948033;2.282006826341966
8950792;2.2932613208307413
8953506;2.304332251618177
8956231;2.3154480535326067
8959604;2.3292071727463215
8963090;2.3434272408100654
8966311;2.35656632263259
8969455;2.369391306566156
8972211;2.3806335634748415
8974461;2.3898117485418022
8977550;2.402412376840398
8981149;2.4170933937541714
8984782;2.4319131032422905
8988662;2.447740373491093
8992198;2.462164401222992
8996725;2.4806309095777164
9002104;2.5025728906777966
9006705;2.5213412593413898
9011515;2.54096217941787
9016858;2.562757309556879
9022603;2.586192275427851
9028597;2.6106429604462336
9035049;2.636961916024913
9042330;2.666662522901597
9050710;2.700846163284321
9059158;2.735307188815735
9065467;2.761042819743493
9069607;2.7779306802667
9073250;2.7927911816884494
9077100;2.8084960761363593
9081089;2.82476797846174
9085698;2.843568980672238
9091038;2.8653518732311576
9097046;2.889859666956623
9103514;2.9162438896291123
9109656;2.941298295265233
9111472;2.9487061104126107
9110356;2.9441537306193983
9109163;2.939287252937228
9107935;2.934278003487349
9106989;2.9304190865658626
9106531;2.9285508160055658
9105688;2.925112056000478
9104712;2.9211307632780983
9104370;2.9197356791479203
9103895;2.917798062300451
9102812;2.9133802958882207
9102474;2.912001528531495
9102640;2.9126786746297686
9102194;2.910859354389829
9101620;2.9085178973994132
9101686;2.9087871241613774
9101602;2.9084444719188776
9100993;2.9059602431607536
9100792;2.905140325294772
9100998;2.9059806391275687
9100655;2.904581475804028
9100221;2.902811105884445
9100375;2.9034393016623614
9100318;2.9032067876406655
9099827;2.9012039036993866
9099799;2.90108968628522
9099900;2.901501684814892
9099547;2.9000617295577205
9099321;2.899139831857661
9099432;2.8995926223209647
9099241;2.898813496388614
9098921;2.8975081545124235
9098962;2.8976754014403108
9098983;2.8977610645009357
9098667;2.896472039398198
9098481;2.895713309432663
9098638;2.8963537427906685
9098483;2.895721467819389
9098188;2.8945181057772764
9098236;2.894713907058705
9098307;2.8950035297874845
9098019;2.8938287220989136
9097891;2.8933065853484377
9097982;2.893677791944479
9097899;2.8933392188953424
9097678;2.8924377171620987
9097611;2.8921644112067715
9097659;2.8923602124882
9097515;2.8917728086439145
9097326;2.89100184109829
9097453;2.8915198986554027
9097444;2.891483185915135
9097133;2.8902145567792124
9097104;2.890096260171682
9097197;2.8904756251544503
9097013;2.889725053575641
9096898;2.889255946338885
9096980;2.889590440194659
9096904;2.8892804214990635
9096761;2.8886970968481416
9096695;2.8884278700861774
9096682;2.888374840572457
9096678;2.888358523799005
9096529;2.8877507239879034
9096468;2.887501893192755
9096521;2.887718090440999
9096342;2.8869879148290054
9096227;2.886518807592249
9096383;2.8871551617568922
9096237;2.8865595995258806
9096044;2.8857723152068036
9096189;2.886363798244452
9096140;2.8861639177696605
9096000;2.885592830698827
9096095;2.8859803540683213
9095915;2.8852460992629645
9095836;2.88492384298728
9095861;2.8850258228213574
9095688;2.8843201223695423
9095750;2.8845730323580536
9095690;2.8843282807562685
9095479;2.8834675709566553
9095611;2.884006024480584
9095607;2.8839897077071317
9095396;2.883128997907519
9095498;2.883545075630554
9095464;2.8834063830562093
9095275;2.882635415510584
9095333;2.882872008725644
9095281;2.882659890670763
9095251;2.8825375148698704
9095293;2.8827088409911203
9095164;2.8821826250472813
9095137;2.8820724868264778
9095211;2.8823743471353467
9095004;2.881529954109186
9094982;2.8814402118551983
9095097;2.881909319091954
9094855;2.8809221542980854
9094718;2.8803633048073416
9095168;2.8821989418207337
9095204;2.8823457927818046
9094680;2.880208295459544
9094564;2.879735109029425
9094842;2.880869124784365
9094771;2.8805795020555856
9094356;2.8788866368099013
9094411;2.879110992444872
9094775;2.8805958188290375
9094378;2.87897637906389
9094057;2.877666957994337
9094571;2.879763663382967
9094573;2.8797718217696926
9094192;2.8782176490983544
9094277;2.878564380534217
9094325;2.8787601818156454
9094104;2.8778586800824018
9094081;2.8777648586350506
9094169;2.8781238276510033
9094158;2.8780789565240092
9093989;2.8773895728456464
9093933;2.877161138017313
9094111;2.877887234435944
9093955;2.8772508802713013
9093831;2.8767450602942772
9093987;2.8773814144589203
9093909;2.877063237376599
9093793;2.87659005094648
9093865;2.876883752868623
9093832;2.8767491394876408
9093780;2.87653702143276
9093773;2.876508467079218
9093765;2.8764758335323135
9093770;2.876496229499129
9093707;2.876239240317254
9093688;2.8761617356433553
9093757;2.8764431999854088
9093694;2.876186210803534
9093479;2.8753091842304683
9093631;2.8759292216216585
9093632;2.875933300815022
9093412;2.8750358782751415
9093511;2.8754397184180878
9093596;2.8757864498539507
9093396;2.874970611181332
9093361;2.8748278394136237
9093459;2.875227600363207
9093329;2.8746973052260043
9093232;2.8743016234697847
9093331;2.8747054636127305
9093428;2.875101145368951
9093328;2.8746932260326417
9093211;2.8742159604091597
9093249;2.8743709697569573
9093234;2.874309781856511
9093139;2.873922258487017
9093161;2.874012000741005
9093244;2.874350573790142
9093133;2.8738977833268384
9093039;2.8735143391507076
9093068;2.8736326357582374
9093055;2.873579606244517
9092963;2.8732043204551125
9092975;2.873253270775469
9093056;2.87358368543788
9093015;2.8734164385099934
9092893;2.872918776919696
9092938;2.873102340621035
9093028;2.8734694680237136
9092886;2.8728902225661543
9092834;2.8726781045112735
9092969;2.873228795615291
9092860;2.872784163538714
9092732;2.872262026788238
9092848;2.8727352132183563
9092817;2.872608758224101
9092744;2.872310977108595
9092762;2.8723844025891307
9092740;2.8722946603351427
9092722;2.872221234854607
9092714;2.8721886013077023
9092632;2.8718541074519286
9092660;2.871968324866095
9092574;2.871617514236869
9092626;2.87182963229175
9092847;2.8727311340249937
9092512;2.8713646042483574
9092276;2.8704019146146673
9092651;2.8719316121258274
9092666;2.8719928000262738
9092274;2.870393756227941
9092382;2.8708343091111552
9092702;2.8721396509873447
9092483;2.8712463076408277
9092261;2.870340726714221
9092434;2.871046427166036
9092446;2.871095377486393
9092207;2.870120450272614
9092251;2.87029993478059
9092503;2.8713278915080895
9092430;2.8710301103925837
9092158;2.8699205697978223
9092202;2.870100054305798
9092329;2.870618111862911
9092230;2.870214271719965
9091987;2.8692230277327333
9092161;2.8699328073779116
9092335;2.87064258702309
9092013;2.8693290867601737
9091942;2.869039464031394
9092165;2.869949124151364
9092018;2.869349482726989
9091765;2.8683174468061265
9092045;2.8694596209477927
9092194;2.8700674207588937
9091777;2.8683663971264832
9091810;2.8685010105074658
9092211;2.8701367670460662
9091940;2.869031305644668
9091649;2.8678442603760077
9091981;2.8691985525725543
9092050;2.8694800169146077
9091673;2.8679421610167215
9091728;2.868166516651692
9091999;2.8692719780530904
9091795;2.8684398226070194
9091574;2.8675383208737757
9091835;2.868602990341543
9091940;2.869031305644668
9091617;2.8677137261883887
9091714;2.868109407944609
9091874;2.8687620788827037
9091650;2.8678483395693704
9091601;2.867648459094579
9091709;2.8680890119777933
9091787;2.8684071890601146
9091536;2.867383311525978
9091507;2.8672650149184484
9091752;2.868264417292406
9091525;2.8673384403989837
9091540;2.8673996282994305
9091603;2.8676566174813054
9091446;2.8670161841232997
9091465;2.8670936887971985
9091527;2.86734659878571
9091475;2.867134480730829
9091430;2.8669509170294902
9091417;2.86689788751577
9091458;2.867065134443657
9091476;2.8671385599241925
9091317;2.8664899681794607
9091413;2.8668815707423176
9091482;2.867163035084371
9091322;2.866510364146276
9091315;2.8664818097927345
9091343;2.866596027206901
9091263;2.8662696917378536
9091314;2.8664777305993714
9091329;2.8665389184998173
9091230;2.8661350783568715
9091276;2.866322721251574
9091263;2.8662696917378536
9091207;2.8660412569095204
9091354;2.8666408983338947
9091287;2.866367592378568
9091065;2.865462011451961
9091241;2.8661799494838656
9091216;2.8660779696497882
9091080;2.8655231993524075
9091231;2.866139157550234
9091152;2.86581690127455
9091099;2.8656007040263063
9091163;2.8658617724015443
9091048;2.865392665164788
9091065;2.865462011451961
9091101;2.8656088624130325
9090940;2.8649521122815744
9091093;2.8655762288661277
9091150;2.8658087428878236
9090904;2.8648052613205026
9090996;2.8651805471099077
9091082;2.8655313577391337
9090908;2.8648215780939554
9091002;2.8652050222700858
9090964;2.8650500129222887
9090916;2.86485421164086
9091000;2.8651968638833596
9090877;2.864695123099699
9090826;2.8644870842381818
9090974;2.8650908048559196
9090885;2.8647277566466043
9090858;2.8646176184258008
9090984;2.8651315967895505
9090940;2.8649521122815744
9090848;2.8645768264921694
9090823;2.864474846658092
9090841;2.864548272138628
9090852;2.8645931432656218
9090802;2.864389183597467
9090740;2.8641362736089557
9090751;2.8641811447359498
9090788;2.864332074890384
9090718;2.8640465313549677
9090728;2.8640873232885986
9090825;2.8644830050448182
9090738;2.8641281152222295
9090698;2.8639649474877054
9090788;2.864332074890384
9090713;2.864026135388152
9090658;2.863801779753182
9090667;2.86383849249345
9090696;2.8639567891009796
9090678;2.863883363620444
9090648;2.8637609878195507
9090631;2.863691641532378
9090665;2.8638303341067237
9090608;2.8635978200850274
9090554;2.86337754364342
9090669;2.863846650880176
9090642;2.8637365126593726
9090515;2.8632184551022597
9090576;2.8634672858974084
9090616;2.863630453631932
9090608;2.8635978200850274
9090534;2.8632959597761585
9090484;2.863092000108004
9090587;2.8635121570244024
9090495;2.863136871234998
9090461;2.8629981786606526
9090552;2.8633693852566937
9090464;2.863010416240742
9090381;2.8626718431916047
9090536;2.8633041181628847
9090493;2.8631287128482716
9090350;2.862545388197349
9090446;2.8629369907602062
9090475;2.8630552873677355
9090363;2.8625984177110695
9090439;2.8629084364066646
9090518;2.863230692682349
9090785;2.864319837310295
9092388;2.870858784271334
9098615;2.8962599213433173
9115313;2.964374292120253
9132757;3.0355317411460567
9143474;3.07924845641833
9150154;3.106497468083795
9154675;3.124939501278341
9157606;3.136895617025568
9159107;3.1430184862635717
9159685;3.1453762600274393
9160080;3.1469875414058617
9160774;3.1498185015998486
9161787;3.153950724476662
9163725;3.1618562012143374
9166886;3.174750531435076
9170559;3.1897334086577187
9174057;3.20400242704182
9177850;3.2194748074680333
9181999;3.236399380731509
9184892;3.248200487130938
9186505;3.2547802260256082
9188263;3.2619514479579266
9190570;3.2713621470465837
9193169;3.281963970597263
9195632;3.292011023850563
9198431;3.303428686073862
9202122;3.31848498877704
9206679;3.3370738729326574
9210914;3.3543492568253583
9212883;3.36238118855729
9213904;3.3665460449810083
9215888;3.3746391646133858
9218784;3.386452508592904
9221877;3.399069453664953
9225722;3.4147539521460475
9230748;3.4352559779889558
9236940;3.460514343293231
9244554;3.491573321559825
9253679;3.5287959609980537
9264100;3.5713052350348513
9274303;3.6129252449184945
9283980;3.6523995990931506
9294253;3.694305152512211
9305190;3.738919290324365
9316320;3.7843207124555955
9327681;3.830664428253702
9339755;3.879916608919693
9353107;3.9343819987037176
9367255;3.9920944264047655
9380671;4.0468208845640286
9392402;4.094673901906479
9403220;4.138802615708425
9414121;4.183269902559507
9426374;4.233252258837492
9440217;4.2897205325627965
9452802;4.341057181037328
9458746;4.365303906387556
9460361;4.371891803668952
9460579;4.372781067822107
9460200;4.371235053537494
9459820;4.3696849600595185
9459337;4.367714709665145
9458843;4.365699588143776
9458556;4.364528859648568
9458158;4.362905340690057
9457787;4.36139195995235
9457510;4.3602620233907725
9457120;4.358671137979166
9456715;4.357019064667113
9456105;4.354530756715627
9455587;4.352417734553544
9455369;4.351528470400389
9455260;4.351083838323812
9455065;4.3502883956180085
9454907;4.34964388306664
9454825;4.349309389210867
9454634;4.348530263278516
9454511;4.348028522494855
9454440;4.3477388997660755
9454239;4.346918981900093
9454116;4.346417241116433
9454090;4.346311182088993
9453919;4.345613640023903
9453795;4.34510782004688
9453790;4.345087424080065
9453571;4.344194080733548
9453498;4.3438962996180415
9453546;4.34409210089947
9453237;4.3428316301502745
9453230;4.342803075796732
9453313;4.34314164884587
9453046;4.342052504217923
9453050;4.342068820991376
9453003;4.34187709890331
9452788;4.341000072330245
9452854;4.341269299092209
9452739;4.340800191855453
9452531;4.33995171963593
9452659;4.3404738563864065
9452489;4.33978039351468
9452380;4.339335761438103
9452590;4.340192392044353
9452372;4.339303127891197
9452223;4.338695328080097
9452266;4.33887073339471
9452044;4.3379651524681035
9452079;4.338107924235812
9452183;4.338532160345574
9451875;4.337275768789741
9451841;4.337137076215395
9452003;4.337797905540216
9451714;4.336619018658283
9451718;4.336635335431734
9451831;4.337096284281764
9451528;4.335860288692747
9451654;4.336374267056497
9451594;4.3361295154547115
9451344;4.335109717113938
9451490;4.33570527934495
9451331;4.3350566876002175
9451236;4.334669164230724
9451390;4.33529736000864
9451209;4.334559026009921
9451187;4.334469283755933
9451257;4.3347548272913485
9451007;4.333735028950575
9451010;4.333747266530665
9451104;4.334130710706796
9450970;4.333584098796141
9450958;4.333535148475784
9451020;4.333788058464296
9450835;4.333033407692123
9450842;4.333061962045665
9450830;4.333013011725308
9450686;4.332425607881023
9450728;4.3325969340022725
9450879;4.3332128922001
9450838;4.333045645272213
9450719;4.332560221262004
9450510;4.331707669849118
9450493;4.331638323561945
9450674;4.3323766575606655
9450504;4.33168319468894
9450235;4.330585891674267
9450504;4.33168319468894
9450449;4.331458839053969
9450141;4.330202447498136
9450416;4.331324225672987
9450473;4.331556739694683
9449814;4.328868551268405
9449974;4.3295212222065
9450193;4.330414565553017
9449714;4.328460631932096
9449784;4.328746175467512
9449869;4.329092906903375
9449711;4.328448394352006
9449708;4.328436156771917
9449653;4.328211801136947
9449511;4.327632555679387
9449726;4.328509582252452
9449524;4.327685585193108
9449425;4.327281745050162
9449757;4.328636037246708
9449386;4.327122656509001
9449234;4.326502619117811
9449666;4.328264830650667
9449430;4.327302141016977
9449181;4.3262864218695665
9449466;4.3274489919780486
9449380;4.3270981813488225
9449170;4.326241550742573
9449261;4.326612757338614
9449209;4.326400639283734
9449197;4.326351688963376
9449144;4.3261354917151325
9449023;4.325641909318198
9449220;4.326445510410728
9449101;4.325960086400519
9448879;4.325054505473913
9449086;4.325898898500073
9449104;4.325972323980609
9448841;4.324899496126115
9448982;4.325474662390311
9449097;4.325943769627067
9448847;4.324923971286293
9448816;4.324797516292038
9448966;4.325409395296502
9448889;4.325095297407543
9448761;4.324573160657067
9448862;4.32498515918674
9448906;4.325164643694716
9448747;4.324516051949984
9448665;4.32418155809421
9448820;4.32481383306549
9448725;4.324426309695997
9448597;4.32390417294552
9448693;4.324295775508377
9448682;4.324250904381383
9448614;4.323973519232693
9448568;4.32378587633799
9448610;4.3239572024592405
9448576;4.3238185098848945
9448485;4.323447303288853
9448474;4.32340243216186
9448505;4.323528887156116
9448414;4.323157680560074
9448341;4.322859899444568
9448444;4.323280056360967
9448453;4.323316769101234
9448296;4.322676335743229
9448335;4.322835424284389
9448458;4.32333716506805
9448336;4.322839503477753
9448294;4.322668177356503
9448375;4.322998592018914
9448253;4.322500930428616
9448165;4.3221419614126635
9448207;4.322313287533913
9448227;4.322394871401175
9448195;4.322264337213556
9448103;4.321889051424152
9448156;4.322105248672396
9448271;4.322574355909152
9448030;4.321591270308646
9447973;4.3213587562869495
9448171;4.322166436572843
9447990;4.321428102574123
9447902;4.32106913355817
9448094;4.321852338683884
9448044;4.32164837901573
9447992;4.321436260960849
9449189;4.326319055416471
9454086;4.34629486531554
9471432;4.417052553391761
9502387;4.543323983946321
9529598;4.654322914549461
9545693;4.719977531728451
9558186;4.770938894413578
9571328;4.824547653591353
9585555;4.882582337568085
9600708;4.944394354599042
9617612;5.013349039208775
9636730;5.091335057924397
9654906;5.165478476491984
9669133;5.223513160468716
9681696;5.274760066689261
9694331;5.326300674831948
9707195;5.378775418254782
9721461;5.436969190772675
9736884;5.499882590011667
9753099;5.566026710394229
9770644;5.637596157949704
9787568;5.706632426426699
9796319;5.742329447547132
9797356;5.746559571064659
9796978;5.74501763597341
9796655;5.74370005651713
9796343;5.742427348187845
9795905;5.74064066149481
9795450;5.738784628514604
9795086;5.737299802130437
9794499;5.7349053156263015
9793755;5.731870395764159
9793256;5.729834878275976
9792932;5.7285132196263335
9792730;5.727689222566989
9792605;5.7271793233966015
9792401;5.7263471679505304
9792311;5.725980040547853
9792199;5.7255231708911865
9791957;5.724536006097318
9791898;5.724295333688895
9791802;5.723903731126038
9791589;5.7230348629396985
9791592;5.723047100519789
9791413;5.722316924907795
9791215;5.7215092446219025
9791211;5.72149292784845
9791104;5.7210564541585995
9790951;5.720432337574045
9790894;5.720199823552349
9790815;5.719877567276665
9790722;5.719498202293897
9790616;5.719065807797409
9790582;5.718927115223064
9790537;5.718743551521725
9790451;5.718392740892498
9790308;5.717809416241577
9790272;5.717662565280505
9790198;5.717360704971636
9790043;5.716728430000356
9790084;5.716895676928244
9790028;5.71666724209991
9789825;5.7158391658472025
9789840;5.7159003537476485
9789815;5.715798373913572
9789736;5.715476117637887
9789663;5.715178336522381
9789608;5.714953980887412
9789611;5.7149662184675005
9789506;5.714537903164375
9789432;5.7142360428555055
9789343;5.71387299464619
9789290;5.713656797397946
9789250;5.713493629663423
9789227;5.713399808216072
9789271;5.713579292724048
9789068;5.712751216471339
9788996;5.712457514549198
9789105;5.7129021466257734
9788990;5.712433039389018
9788909;5.712102624726607
9788963;5.712322901168214
9788856;5.711886427478364
9788793;5.711629438296488
9788801;5.711662071843393
9788743;5.711425478628334
9788676;5.711152172673007
9788558;5.710670827856163
9788600;5.710842153977413
9788598;5.7108339955906855
9788468;5.710303700453483
9788433;5.7101609286857755
9788428;5.71014053271896
9788383;5.709956969017621
9788296;5.709602079195032
9788229;5.7093287732397044
9788289;5.70957352484149
9788256;5.7094389114605075
9788111;5.708847428422859
9788188;5.709161526311817
9788170;5.7090881008312815
9787997;5.708382400379466
9788059;5.708635310367978
9788107;5.708831111649407
9787954;5.708206995064854
9787940;5.70814988635777
9788039;5.708553726500717
9787896;5.707970401849795
9787821;5.707664462347562
9787839;5.707737887828098
9787782;5.707505373806401
9787786;5.707521690579854
9787735;5.707313651718336
9787596;5.706746643840867
9787874;5.707880659595806
9787818;5.707652224767473
9787521;5.706440704338634
9787809;5.707615512027204
9787582;5.7066895351337825
9787383;5.705877775654527
9787702;5.707179038337354
9787383;5.705877775654527
9787322;5.705628944859378
9787563;5.706612030459883
9787244;5.705310767777057
9787337;5.705690132759825
9787521;5.706440704338634
9787140;5.704886531667295
9787223;5.705225104716432
9787341;5.705706449533277
9786966;5.704176752022117
9787068;5.7045928297451525
9787255;5.7053556389040505
9786938;5.70406253460795
9786958;5.704144118475213
9787063;5.704572433778337
9786913;5.7039605547738725
9786991;5.704278731856195
9786921;5.703993188320778
9786837;5.703650536078278
9786977;5.704221623149111
9786864;5.703760674299081
9786729;5.703209983195064
9786890;5.703866733326522
9786749;5.703291567062326
9786641;5.702851014179112
9786868;5.703776991072534
9786703;5.703103924167624
9786597;5.702671529671135
9786786;5.70344249721676
9786586;5.702626658544141
9786554;5.702496124356523
9786737;5.703242616741969
9786514;5.702332956621999
9786540;5.702439015649439
9786633;5.702818380632207
9786431;5.701994383572862
9786501;5.702279927108278
9786545;5.702459411616255
9786359;5.701700681650719
9786469;5.70214939292066
9786456;5.702096363406939
9786243;5.7012274952206
9786452;5.702080046633487
9786410;5.701908720512237
9786149;5.70084405104447
9786346;5.701647652137
9786331;5.701586464236553
9786151;5.700852209431195
9786338;5.701615018590094
9786258;5.701288683121048
9786147;5.700835892657743
9786287;5.701406979728577
9786214;5.701109198613071
9786096;5.7006278537962265
9786181;5.700974585232089
9786092;5.700611537022774
9786101;5.700648249763041
9786108;5.700676804116584
9786022;5.700325993487357
9786012;5.700285201553727
9786037;5.7003871813878035
9785987;5.700183221719649
9786065;5.70050139880197
9786023;5.70033007268072
9785897;5.69981609431697
9785922;5.699918074151047
9785929;5.699946628504589
9785863;5.699677401742624
9785892;5.699795698350155
9785878;5.699738589643071
9785847;5.699612134648815
9785891;5.699791619156792
9785800;5.699420412560751
9785809;5.699457125301017
9785793;5.699391858207208
9785712;5.699061443544799
9785781;5.699342907886852
9785774;5.6993143535333095
9785664;5.698865642263369
9785736;5.699159344185512
9785703;5.69902473080453
9785564;5.69845772292706
9785680;5.698930909357179
9785578;5.698514831634143
9785496;5.69818033777837
9785627;5.698714712108935
9785524;5.698294555192536
9785527;5.698306792772626
9785594;5.698580098727953
9785443;5.697964140530125
9785420;5.697870319082774
9785529;5.698314951159352
9785424;5.697886635856227
9785450;5.697992694883668
9785495;5.698176258585007
9785341;5.6975480628070905
9785470;5.698074278750929
9785429;5.697907031823043
9785260;5.6972176481446795
9785368;5.6976582010278936
9785414;5.697845843922596
9785396;5.697772418442061
9785545;5.6983802182531615
9785741;5.699179740152328
9785341;5.6975480628070905
9785388;5.697739784895155
9785578;5.698514831634143
9785371;5.697670438607983
9785401;5.697792814408875
9785421;5.697874398276138
9785340;5.697543983613727
9785443;5.697964140530125
9785289;5.69733594475221
9785239;5.697131985084055
9785442;5.697960061336763
9785219;5.697050401216793
9785167;5.696838283161912
9785433;5.697923348596495
9785202;5.69698105492962
9785094;5.696540502046406
9785369;5.697662280221257
9785211;5.697017767669888
9785109;5.696601689946852
9785244;5.69715238105087
9785191;5.6969361838026265
9785139;5.696724065747746
9785139;5.696724065747746
9785061;5.696405888665424
9785154;5.696785253648192
9785061;5.696405888665424
9784982;5.6960836323897395
9785151;5.696773016068102
9785060;5.696401809472061
9784907;5.695777692887508
9785090;5.696524185272954
9785039;5.696316146411436
9784928;5.695863355948132
9785062;5.696409967858788
9785015;5.696218245770722
9784932;5.695879672721585
9784909;5.695785851274233
9784927;5.69585927675477
9784933;5.695883751914948
9784903;5.6957613761140555
9784838;5.695496228545454
9784938;5.695904147881763
9784845;5.695524782898996
9784747;5.695125021949412
9784803;5.695353456777746
9784835;5.695483990965365
9784759;5.695173972269769
9784690;5.694892507927716
9784951;5.695957177395483
9784375;5.693607562018342
9784025;5.6921798443412595
9784933;5.695883751914948
9784271;5.6931833259085804
9784000;5.692077864507183
9784600;5.694525380525039
9784173;5.692783564958997
9784187;5.692840673666081
9784161;5.69273461463864
9783745;5.691037670199593
9784265;5.693158850748402
9783991;5.692041151766914
9783571;5.690327890554415
9784317;5.693370968803283
9784080;5.692404199976229
9783541;5.690205514753522
9784224;5.692991603820515
9784178;5.692803960925812
9783640;5.690609354896468
9784008;5.692110498054087
9784055;5.692302220142151
9783734;5.690992799072599
9783930;5.691792320971765
9783848;5.6914578271159915
9783734;5.690992799072599
9783919;5.6917474498447715
9783648;5.690641988443373
9783721;5.690939769558879
9784019;5.692155369181081
9783572;5.690331969747778
9783649;5.690646067636736
9783981;5.692000359833283
9783625;5.690548166996022
9783653;5.690662384410189
9783906;5.691694420331051
9783665;5.690711334730546
9783590;5.690405395228313
9783795;5.691241629867748
9783641;5.690613434089832
9783602;5.6904543455486705
9783689;5.69080923537126
9783609;5.690482899902212
9783699;5.690850027304891
9783632;5.690576721349563
9783484;5.689973000731825
9783711;5.690898977625248
9783601;5.690450266355307
9783412;5.689679298809684
9783687;5.690801076984534
9783600;5.690446187161945
9783331;5.689348884147273
9783598;5.690438028775218
9783618;5.69051961264248
9783400;5.6896303484893265
9783593;5.690417632808402
9783587;5.6903931576482245
9783415;5.689691536389772
9783461;5.689879179284475
9783472;5.689924050411468
9783448;5.689826149770754
9783471;5.689919971218106
9783372;5.689516131075159
9783471;5.689919971218106
9783561;5.690287098620784
9783263;5.689071498998581
9783393;5.6896017941357835
9783600;5.690446187161945
9783295;5.689202033186201
9783375;5.689528368655249
9783541;5.690205514753522
9783305;5.689242825119831
9783330;5.689344804953909
9783464;5.689891416864564
9783298;5.68921427076629
9783347;5.689414151241081
9783345;5.689405992854356
9783262;5.68906741980522
9783373;5.6895202102685225
9783285;5.68916124125257
9783182;5.688741084336171
9783330;5.689344804953909
9783311;5.689267300280011
9783196;5.688798193043255
9783335;5.689365200920725
9783244;5.688993994324683
9783088;5.68835764016004
9783290;5.689181637219385
9783259;5.689055182225129
9783096;5.688390273706946
9783198;5.688806351429981
9783189;5.688769638689713
9783159;5.68864726288882
9783158;5.688643183695458
9783118;5.688480015960933
9783112;5.6884555408007555
9783131;5.688533045474654
9783104;5.688422907253851
9783155;5.688630946115367
9783079;5.688320927419773
9783057;5.688231185165785
9783078;5.6883168482264095
9783067;5.688271977099416
9783010;5.688039463077719
9783006;5.688023146304267
9783064;5.688259739519326
9783386;5.689573239782242
9785242;5.697144222664145
9792033;5.724846024792913
9813763;5.813486896572935
9843755;5.935830063918837
9866773;6.029724936750524
9883811;6.099226233270912
9899355;6.162633214906837
9915423;6.228177693865024
9933314;6.3011585423241305
9951925;6.377076410004665
9969518;6.448841658841569
9985220;6.512893153028863
9999270;6.570205819780328
10013139;6.6267801525330725
10028703;6.690268718036259
10045746;6.759790410523463
10063815;6.8334973554012
10082979;6.911671017011525
10103900;6.997011821360805
10123487;7.076910981763718
10132005;7.111657550830548
10132658;7.114321264096649
10132132;7.112175608387662
10131623;7.110099298965847
10130861;7.1069909536231695
10129689;7.102210139001624
10128628;7.097882114843382
10127857;7.094737056760437
10127434;7.093011557967848
10126785;7.0903641614752
10126001;7.087166073878535
10125451;7.084922517528834
10125212;7.083947590315055
10124703;7.08187128089324
10124011;7.079048479085979
10123407;7.076584646294671
10122869;7.074390040265326
10122648;7.073488538532083
10122569;7.073166282256398
10122448;7.0726726998594645
10122353;7.07228517648997
10122309;7.072105691981994
10122179;7.071575396844793
10122069;7.071126685574852
10122016;7.070910488326608
10121861;7.070278213355328
10121729;7.069739759831401
10121725;7.069723443057948
10121586;7.069156435180478
10121512;7.068854574871609
10121484;7.0687403574574414
10121423;7.068491526662293
10121318;7.068063211359168
10121294;7.067965310718455
10121182;7.067508441061788
10121122;7.067263689460002
10121128;7.067288164620181
10120958;7.066594701748455
10120924;7.06645600917411
10120889;7.066313237406401
10120767;7.065815575816104
10120732;7.065672804048396
10120683;7.065472923573605
10120513;7.064779460701878
10120569;7.065007895530211
10120447;7.064510233939914
10120380;7.064236927984586
10120461;7.064567342646997
10120197;7.063490435599141
10120128;7.063208971257088
10120325;7.064012572349617
10120121;7.063180416903546
10120000;7.062686834506612
10120177;7.063408851731879
10119974;7.062580775479171
10119940;7.062442082904826
10120001;7.062690913699974
10119751;7.061671115359201
10119794;7.061846520673814
10119729;7.061581373105214
10119580;7.0609735732941115
10119734;7.061601769072028
10119600;7.061055157161374
10119441;7.060406565416642
10119631;7.06118161215563
10119468;7.060516703637445
10119246;7.059611122710839
10119492;7.060614604278159
10119333;7.059966012533429
10119166;7.059284787241792
10119321;7.059917062213072
10119202;7.059431638202863
10119138;7.059170569827624
10119293;7.059802844798904
10119087;7.058962530966107
10119073;7.0589054222590235
10119106;7.059040035640006
10118874;7.058093662779768
10118978;7.05851789888953
10119235;7.059566251583845
10118920;7.058281305674471
10118674;7.05727782410715
10119083;7.058946214192655
10118787;7.057738772957179
10118426;7.056266184153102
10118989;7.058562770016524
10118496;7.056551727688519
10118289;7.055707334662358
10118773;7.0576816642500955
10118246;7.055531929347746
10118354;7.05597248223096
10118746;7.057571526029292
10118096;7.054920050343282
10118351;7.05596024465087
10118439;7.056319213666822
10118042;7.054699773901674
10118058;7.054765040995484
10118229;7.0554625830605735
10118021;7.05461411084105
10117937;7.054271458598549
10118002;7.054536606167151
10117934;7.05425922101846
10117920;7.054202112311377
10117849;7.053912489582597
10117922;7.0542102706981025
10117914;7.054177637151198
10117702;7.053312848158223
10117704;7.053321006544949
10117898;7.054112370057389
10117731;7.053431144765752
10117611;7.052941641562181
10117801;7.053716688301169
10117695;7.053284293804681
10117514;7.05254595980596
10117732;7.053435223959116
10117661;7.0531456012303355
10117368;7.051950397574949
10117577;7.052802948987836
10117481;7.052411346424979
10117441;7.052248178690455
10117642;7.053068096556436
10117403;7.052093169342657
10117397;7.052068694182479
10117559;7.0527295235073
10117306;7.051697487586438
10117267;7.051538399045277
10117518;7.052562276579413
10117283;7.051603666139087
10117119;7.050934678427539
10117418;7.052154357243103
10117219;7.051342597763848
10117122;7.050946916007628
10117363;7.051930001608134
10117109;7.050893886493907
10117150;7.051061133421795
10117316;7.051738279520069
10117006;7.050473729577509
10117160;7.051101925355426
10117176;7.051167192449235
10116895;7.050020939114205
10117131;7.050983628747896
10117085;7.050795985853193
10116921;7.0501269981416455
10117192;7.051232459543044
10116886;7.049984226373938
10116855;7.049857771379681
10117046;7.050636897312032
10116753;7.049441693656646
10116811;7.049678286871705
10116933;7.0501759484620035
10116759;7.049466168816824
10116840;7.049796583479235
10116884;7.0499760679872105
10116713;7.049278525922122
10116858;7.049870008959771
10116801;7.049637494938074
10116540;7.048572825470307
10116827;7.049743553965515
10116730;7.049347872209294
10116472;7.048295440321616
10116778;7.0495436734907235
10116594;7.048793101911914
10116460;7.04824649000126
10116724;7.0493233970491165
10116517;7.048479004022956
10116440;7.048164906133998
10116657;7.049050091093789
10116467;7.048275044354801
10116386;7.047944629692391
10116592;7.048784943525187
10116383;7.047932392112302
10116348;7.047789620344593
10116525;7.04851163756986
10116291;7.047557106322897
10116323;7.0476876405105155
10116573;7.048707438851289
10116207;7.047214454080397
10116297;7.047581581483075
10116501;7.048413736929146
10116222;7.047275641980843
10116273;7.047483680842361
10116364;7.047854887438402
10116161;7.047026811185694
10116601;7.0488216562654555
10118618;7.0570493892788155
10123466;7.076825318703094
10140845;7.147717620160296
10174318;7.284260459603126
10203293;7.402455087298762
10224958;7.4908308115101825
10245084;7.572928657135803
10266575;7.660594601702046
10287463;7.745800792670344
10303642;7.811798062091834
10317546;7.868515166612288
10331752;7.926464187528395
10346506;7.986648606407477
10362501;8.051895304250156
10379951;8.12307722843614
10398455;8.198558622426821
10418039;8.278445545249646
10438375;8.361400021481517
10458215;8.442331217805291
10470722;8.493349689197503
10472970;8.502519715877737
10472501;8.500606574190446
10472023;8.498656719762886
10471613;8.49698425048402
10470791;8.493631153539555
10469953;8.490212789501284
10469013;8.486378347739977
10468256;8.483290398364115
10468000;8.482246124863162
10467724;8.481120267494948
10467024;8.478264832140782
10466333;8.475446109526885
10465737;8.473014910282481
10465435;8.471782993886828
10465351;8.471440341644328
10465159;8.470657136518614
10464943;8.469776030752186
10464957;8.469833139459269
10464765;8.469049934333555
10464576;8.46827896678793
10464545;8.468152511793674
10464373;8.467450890535222
10464292;8.467120475872811
10464204;8.46676150685686
10463970;8.465806975609896
10463856;8.465341947566504
10463867;8.465386818693498
10463697;8.464693355821773
10463566;8.464158981491206
10463558;8.464126347944301
10463450;8.463685795061087
10463390;8.463441043459301
10463314;8.463131024763706
10463139;8.462417165925165
10463101;8.462262156577367
10463033;8.461984771428677
10462835;8.461177091142785
10462971;8.461731861440166
10462867;8.461307625330404
10462652;8.46043059875734
10462732;8.460756934226385
10462647;8.460410202790523
10462453;8.459618839278082
10462461;8.459651472824987
10462410;8.45944343396347
10462275;8.458892742859453
10462332;8.459125256881148
10462230;8.458709179158113
10462198;8.458578644970494
10462276;8.458896822052814
10462002;8.457779123071328
10461998;8.457762806297875
10462087;8.458125854507191
10461861;8.457203956807131
10461827;8.457065264232787
10461922;8.45745278760228
10461634;8.45627797991371
10461714;8.456604315382757
10461679;8.456461543615049
10461506;8.455755843163233
10461602;8.45614744572609
10461532;8.455861902190673
10461429;8.455441745274276
10461495;8.45571097203624
10461397;8.455311211086658
10461348;8.455111330611864
10461235;8.454650381761835
10461205;8.454528005960944
10461293;8.454886974976894
10461067;8.453965077276836
10461075;8.45399771082374
10461182;8.454434184513591
10460879;8.453198188924572
10460914;8.45334096069228
10461037;8.45384270147594
10460826;8.45298199167633
10460878;8.453194109731209
10460861;8.453124763444036
10460642;8.45223142009752
10460751;8.452676052174098
10460716;8.452533280406389
10460522;8.451741916893948
10460680;8.452386429445317
10460610;8.452100885909902
10460400;8.451244255303651
10460609;8.452096806716538
10460488;8.451603224319603
10460291;8.450799623227073
10460443;8.451419660618265
10460469;8.451525719645703
10460311;8.450881207094335
10460266;8.450697643392997
10460416;8.45130952239746
10460222;8.45051815888502
10460066;8.449881804720379
10460303;8.45084857354743
10460007;8.449641132311955
10459923;8.449298480069455
10460196;8.45041209985758
10459829;8.448915035893325
10459903;8.449216896202193
10460065;8.449877725527015
10459629;8.448099197220706
10459917;8.449274004909277
10460012;8.44966152827877
10459372;8.447050844526391
10459546;8.447760624171568
10459650;8.448184860281332
10459054;8.445753661036926
10459600;8.447980900613176
10459563;8.447829970458741
10458794;8.444693070762522
10459461;8.447413892735705
10459341;8.446924389532136
10458785;8.444656358022256
10459409;8.447201774680826
10459192;8.446316589721034
10458840;8.444880713657225
10459281;8.44667963793035
10459009;8.445570097335588
10458826;8.444823604950143
10459234;8.446487915842285
10458852;8.444929663977582
10458782;8.444644120442167
10459202;8.446357381654664
10458793;8.44468899156916
10458646;8.444089350144784
10459094;8.44591682877145
10458796;8.44470122914925
10458638;8.44405671659788
10458986;8.445476275888236
10458634;8.444040399824429
10458584;8.443836440156273
10458925;8.445227445093089
10458485;8.443432600013328
10458531;8.443620242908029
10458862;8.444970455911212
10458393;8.443057314223923
10458480;8.443412204046512
10458767;8.44458293254172
10458268;8.442547415053536
10458423;8.443179690024815
10458613;8.443954736763803
10458294;8.442653474080975
10458484;8.443428520819964
10458491;8.443457075173505
10458142;8.442033436689787
10458503;8.443506025493862
10458396;8.443069551804012
10458120;8.441943694435798
10458451;8.443293907438983
10458255;8.442494385539815
10457994;8.441429716072047
10458452;8.443297986632345
10458174;8.442163970877406
10458049;8.441654071707019
10458388;8.443036918257107
10458046;8.441641834126928
10458047;8.441645913320292
10458263;8.44252701908672
10457891;8.441009559155649
10458003;8.441466428812316
10458180;8.442188446037584
10457842;8.440809678680859
10457935;8.441189043663627
10458041;8.441621438160114
10457781;8.44056084788571
10457994;8.441429716072047
10457940;8.441209439630441
10457761;8.440479264018446
10457968;8.441323657044608
10457780;8.440556768692346
10457735;8.440373204991008
10457987;8.441401161718506
10457681;8.4401529285494
10457658;8.44005910710205
10457865;8.44090350012821
10457596;8.439806197113537
10457637;8.439973444041422
10457832;8.440768886747227
10457610;8.439863305820621
10457655;8.440046869521959
10457720;8.44031201709056
10457582;8.439749088406455
10457626;8.43992857291443
10457548;8.439610395832108
10457463;8.439263664396245
10457565;8.439679742119282
10457569;8.439696058892732
10457439;8.43916576375553
10457502;8.439422752937405
10457485;8.439353406650234
10457340;8.438761923612585
10457442;8.439178001335621
10457491;8.439377881810412
10457238;8.438345845889549
10457463;8.439263664396245
10457410;8.439047467148002
10457098;8.437774758818717
10457345;8.4387823195794
10457297;8.438586518297972
10457146;8.437970560100144
10457363;8.438855745059936
10457270;8.438476380077168
10457594;8.43979803872681
10459791;8.448760026545527
10465189;8.470779512319508
10485776;8.554757866085513
10519925;8.694058240241795
10548964;8.812513936312667
10570771;8.90146890598165
10590012;8.979956665480932
10609342;9.05880747318953
10629655;9.141668127974048
10648636;9.219095297198926
10665100;9.286255136728897
10680501;9.349078793713902
10696006;9.412326686808667
10712765;9.480689888380754
10731421;9.556791319762624
10751521;9.638783106360805
10773000;9.726400100606693
10795468;9.818051417088675
10810160;9.877982925979248
10813371;9.891081215868141
10813139;9.890134843007903
10812302;9.886720558162994
10811473;9.88333890686499
10810476;9.879271951081986
10809179;9.873981237290053
10808591;9.871582671592554
10808092;9.869547154104371
10807041;9.86525992187976
10806197;9.861817082681307
10805739;9.859948812121011
10804905;9.85654676485619
10803905;9.852467571493097
10803248;9.849787541453546
10802936;9.84851483312426
10802670;9.847429767689677
10802668;9.847421609302952
10802523;9.846830126265303
10802215;9.84557373470947
10802194;9.845488071648845
10802042;9.844868034257656
10801867;9.844154175419114
10801858;9.844117462678845
10801614;9.84312213949825
10801541;9.842824358382746
10801470;9.842534735653965
10801271;9.84172297617471
10801289;9.841796401655245
10801211;9.841478224572924
10801000;9.840617514773312
10800979;9.840531851712687
10800921;9.840295258497626
10800743;9.839569162078996
10800746;9.839581399659085
10800682;9.839320331283847
10800508;9.83861055163867
10800600;9.838985837428075
10800436;9.838316849716525
10800300;9.837762079419146
10800321;9.83784774247977
10800244;9.837533644590811
10800104;9.836962557519978
10800161;9.837195071541675
10800086;9.836889132039444
10799979;9.836452658349593
10799989;9.836493450283223
10799841;9.835889729665487
10799761;9.835563394196438
10799808;9.835755116284504
10799583;9.834837297777808
10799550;9.834702684396827
10799706;9.835339038561468
10799488;9.834449774408315
10799433;9.834225418773345
10799494;9.834474249568492
10799268;9.833552351868434
10799276;9.833584985415339
10799290;9.833642094122421
10799131;9.83299350237769
10799300;9.833682886056053
10799183;9.83320562043257
10798860;9.831888040976292
10799071;9.832748750775904
10799022;9.832548870301112
10798735;9.831378141805905
10798920;9.832132792578076
10798812;9.831692239694862
10798646;9.831015093596589
10798846;9.831830932269208
10798605;9.830847846668702
10798460;9.830256363631054
10798676;9.831137469397483
10798527;9.830529669586381
10798448;9.830207413310697
10798598;9.83081929231516
10798365;9.829868840261561
10798341;9.829770939620847
10798432;9.830142146216888
10798065;9.828645082252633
10798330;9.829726068493851
10798458;9.830248205244327
10797734;9.82729486924945
10797980;9.82829835081677
10798384;9.82994634493546
10797463;9.82618940784805
10797830;9.827686471812305
10798164;9.829048922395579
10797299;9.825520420136503
10797818;9.82763752149195
10798045;9.82856349838537
10796949;9.824092702459419
10797732;9.827286710862722
10797722;9.82724591892909
10796730;9.8231993591129
10797618;9.82682168281933
10797476;9.82624243736177
10796748;9.823272784593437
10797588;9.826699307018437
10797219;9.825194084667455
10796471;9.82214284803186
10797586;9.82669114863171
10797179;9.825030916932931
10796543;9.822436549954
10797461;9.826181249461323
10797127;9.82481879887805
10796506;9.822285619799567
10797244;9.825296064501531
10796968;9.824170207133315
10796672;9.822962765897842
10797077;9.824614839209895
10796676;9.822979082671294
10796608;9.822701697522604
10796966;9.82416204874659
10796628;9.822783281389864
10796703;9.823089220892097
10796785;9.82342371474787
10796427;9.821963363523883
10796689;9.823032112185013
10796631;9.822795518969954
10796402;9.821861383689805
10796612;9.822718014296054
10796500;9.82226114463939
10796424;9.821951125943794
10796581;9.8225915593018
10796441;9.822020472230967
10796378;9.821763483049091
10796499;9.822257065446026
10796319;9.82152281064067
10796296;9.821428989193318
10796336;9.82159215692784
10796216;9.821102653724271
10796216;9.821102653724271
10796320;9.82152688983403
10796149;9.820829347768944
10796178;9.820947644376472
10796266;9.821306613392425
10796070;9.820507091493258
10796080;9.82054788342689
10796134;9.820768159868498
10795954;9.82003390506314
10796068;9.820498933106531
10796074;9.82052340826671
10795889;9.819768757494538
10796059;9.820462220366265
10795921;9.819899291682157
10795851;9.819613748146741
10795995;9.820201151991027
10795814;9.819462817992306
10795776;9.81930780864451
10795876;9.81971572798082
10795805;9.819426105252038
10795807;9.819434263638765
10795780;9.819324125417962
10795708;9.81903042349582
10795702;9.81900594833564
10795710;9.819038581882545
10795690;9.818956998015283
10795672;9.818883572534748
10795609;9.818626583352874
10795592;9.8185572370657
10795626;9.818695929640047
10795559;9.818422623684718
10795465;9.818039179508588
10795500;9.818181951276296
10795538;9.818336960624093
10795381;9.817696527266088
10795376;9.817676131299272
10795433;9.81790864532097
10795356;9.81759454743201
10795409;9.817810744680255
10795346;9.817553755498379
10795261;9.817207024062515
10795371;9.817655735332457
10795269;9.81723965760942
10795182;9.816884767786831
10795317;9.81743545889085
10795225;9.817060173101446
10795171;9.816839896659838
10795270;9.817243736802784
10795162;9.81680318391957
10795061;9.816391185389897
10795170;9.816835817466474
10795040;9.816305522329273
10795061;9.816391185389897
10795122;9.816640016185046
10795020;9.81622393846201
10795078;9.81646053167707
10795165;9.81681542149966
10796161;9.8208782980893
10799252;9.833487084774623
10808640;9.871782552067346
10838150;9.992159548212236
10875212;10.143342612635207
10901652;10.251196485155402
10922938;10.33802619508221
10944104;10.424366401805448
10967190;10.518538659785825
10990333;10.6129434317879
11009190;10.689864781035753
11025086;10.75470763873549
11040431;10.81730286089216
11055745;10.879771628054574
11072509;10.948155225593474
11091226;11.024505487770494
11110906;11.104784013156177
11130934;11.186482097832215
11145722;11.246805209285641
11151063;11.268592181037924
11151974;11.272308326191702
11151831;11.27172500154078
11151439;11.270125957742447
11150988;11.26828624153569
11150602;11.266711672897538
11150115;11.264725105729712
11149666;11.262893547909682
11149199;11.260988564609118
11148536;11.258284059409386
11147747;11.255065575845906
11147038;11.252173427751472
11146736;11.250941511355817
11146552;11.250190939777008
11146507;11.25000737607567
11146264;11.249016132088437
11146064;11.248200293415819
11145993;11.247910670687041
11145689;11.246670595904659
11145618;11.24638097317588
11145503;11.245911865939123
11145215;11.244737058250553
11145264;11.244936938725344
11145148;11.244463752295227
11144873;11.243341974120375
11144949;11.24365199281597
11144799;11.243040113811507
11144607;11.242256908685793
11144630;11.242350730133143
11144497;11.241808197415851
11144318;11.241078021803858
11144253;11.240812874235257
11144162;11.240441667639216
11144081;11.240111252976805
11144056;11.240009273142727
11143906;11.239397394138264
11143793;11.238936445288235
11143886;11.239315810271002
11143615;11.238210348869604
11143486;11.237684132925764
11143663;11.238406150151032
11143388;11.23728437197618
11143259;11.236758156032343
11143368;11.23720278810892
11143139;11.236268652828771
11143144;11.236289048795586
11143193;11.23648892927038
11142896;11.235277408841538
11142986;11.235644536244218
11143048;11.23589744623273
11142683;11.2344085406552
11142790;11.234845014345051
11142849;11.235085686753473
11142524;11.23375994891047
11142651;11.234278006467582
11142607;11.234098521959606
11142438;11.233409138281242
11142561;11.233910879064902
11142344;11.23302569410511
11142206;11.232462765421005
11142385;11.233192941032998
11142112;11.232079321244873
11141997;11.231610214008118
11142292;11.232813576050232
11141987;11.231569422074486
11141904;11.23123084902535
11142170;11.232315914459933
11141747;11.230590415667345
11141835;11.230949384683296
11141973;11.231512313367404
11141613;11.23004380375669
11141725;11.230500673413356
11141883;11.231145185964726
11141307;11.228795570587584
11141531;11.229709309900917
11141716;11.23046396067309
11141130;11.228073553362316
11141487;11.22952982539294
11141560;11.229827606508445
11140990;11.227502466291483
11141374;11.229068876542911
11141406;11.22919941073053
11140949;11.227335219363596
11141376;11.229077034929638
11141199;11.22835501770437
11140866;11.22699664631446
11141260;11.228603848499517
11116473;11.127492882608518
10485320;8.552897753911942
9192325;3.2785211313988123
8867755;1.9545373415395428
8813408;1.7328454198354983
8642799;1.0368983193514727
8558118;0.6914681461713489
8484946;0.3929854094070684
8441178;0.21444727429119043
8439080;0.2058891266154202
8439017;0.20563213743354525
8438934;0.20529356438440852
8439030;0.20568516694726546
8439192;0.20634599627208663
8439158;0.20620730369774148
8439160;0.20621546208446767
